{
    "count": 87,
    "next": null,
    "previous": "http://swapi.co/api/people/?page=8",
    "results": [
        {
            "name": "Tion Medon",
            "height": "206",
            "mass": "80",
            "hair_color": "none",
            "skin_color": "grey",
            "eye_color": "black",
            "birth_year": "unknown",
            "gender": "male",
            "homeworld": "http://swapi.co/api/planets/12/",
            "films": [
                "http://swapi.co/api/films/6/"
            ],
            "species": [
                "http://swapi.co/api/species/37/"
            ],
            "vehicles": [],
            "starships": [],
            "created": "2014-12-20T20:35:04.260000Z",
            "edited": "2014-12-20T21:17:50.498000Z",
            "url": "http://swapi.co/api/people/83/"
        },
        {
            "name": "Finn",
            "height": "unknown",
            "mass": "unknown",
            "hair_color": "black",
            "skin_color": "dark",
            "eye_color": "dark",
            "birth_year": "unknown",
            "gender": "male",
            "homeworld": "http://swapi.co/api/planets/28/",
            "films": [
                "http://swapi.co/api/films/7/"
            ],
            "species": [
                "http://swapi.co/api/species/1/"
            ],
            "vehicles": [],
            "starships": [],
            "created": "2015-04-17T06:52:40.793621Z",
            "edited": "2015-04-17T06:52:40.793674Z",
            "url": "http://swapi.co/api/people/84/"
        },
        {
            "name": "Rey",
            "height": "unknown",
            "mass": "unknown",
            "hair_color": "brown",
            "skin_color": "light",
            "eye_color": "hazel",
            "birth_year": "unknown",
            "gender": "female",
            "homeworld": "http://swapi.co/api/planets/28/",
            "films": [
                "http://swapi.co/api/films/7/"
            ],
            "species": [
                "http://swapi.co/api/species/1/"
            ],
            "vehicles": [],
            "starships": [],
            "created": "2015-04-17T06:54:01.495077Z",
            "edited": "2015-04-17T06:54:01.495128Z",
            "url": "http://swapi.co/api/people/85/"
        },
        {
            "name": "Poe Dameron",
            "height": "unknown",
            "mass": "unknown",
            "hair_color": "brown",
            "skin_color": "light",
            "eye_color": "brown",
            "birth_year": "unknown",
            "gender": "male",
            "homeworld": "http://swapi.co/api/planets/28/",
            "films": [
                "http://swapi.co/api/films/7/"
            ],
            "species": [
                "http://swapi.co/api/species/1/"
            ],
            "vehicles": [],
            "starships": [
                "http://swapi.co/api/starships/77/"
            ],
            "created": "2015-04-17T06:55:21.622786Z",
            "edited": "2015-04-17T06:55:21.622835Z",
            "url": "http://swapi.co/api/people/86/"
        },
        {
            "name": "BB8",
            "height": "unknown",
            "mass": "unknown",
            "hair_color": "none",
            "skin_color": "none",
            "eye_color": "black",
            "birth_year": "unknown",
            "gender": "none",
            "homeworld": "http://swapi.co/api/planets/28/",
            "films": [
                "http://swapi.co/api/films/7/"
            ],
            "species": [
                "http://swapi.co/api/species/2/"
            ],
            "vehicles": [],
            "starships": [],
            "created": "2015-04-17T06:57:38.061346Z",
            "edited": "2015-04-17T06:57:38.061453Z",
            "url": "http://swapi.co/api/people/87/"
        },
        {
            "name": "Captain Phasma",
            "height": "unknown",
            "mass": "unknown",
            "hair_color": "unknown",
            "skin_color": "unknown",
            "eye_color": "unknown",
            "birth_year": "unknown",
            "gender": "female",
            "homeworld": "http://swapi.co/api/planets/28/",
            "films": [
                "http://swapi.co/api/films/7/"
            ],
            "species": [],
            "vehicles": [],
            "starships": [],
            "created": "2015-10-13T10:35:39.229823Z",
            "edited": "2015-10-13T10:35:39.229894Z",
            "url": "http://swapi.co/api/people/88/"
        },
        {
            "name": "Padmé Amidala",
            "height": "165",
            "mass": "45",
            "hair_color": "brown",
            "skin_color": "light",
            "eye_color": "brown",
            "birth_year": "46BBY",
            "gender": "female",
            "homeworld": "http://swapi.co/api/planets/8/",
            "films": [
                "http://swapi.co/api/films/5/",
                "http://swapi.co/api/films/4/",
                "http://swapi.co/api/films/6/"
            ],
            "species": [
                "http://swapi.co/api/species/1/"
            ],
            "vehicles": [],
            "starships": [
                "http://swapi.co/api/starships/49/",
                "http://swapi.co/api/starships/64/",
                "http://swapi.co/api/starships/39/"
            ],
            "created": "2014-12-19T17:28:26.926000Z",
            "edited": "2016-04-20T17:06:31.502555Z",
            "url": "http://swapi.co/api/people/35/"
        }
    ]
}
