{
    "count": 87,
    "next": "http://swapi.co/api/people/?page=5",
    "previous": "http://swapi.co/api/people/?page=3",
    "results": [
        {
            "name": "Qui-Gon Jinn",
            "height": "193",
            "mass": "89",
            "hair_color": "brown",
            "skin_color": "fair",
            "eye_color": "blue",
            "birth_year": "92BBY",
            "gender": "male",
            "homeworld": "http://swapi.co/api/planets/28/",
            "films": [
                "http://swapi.co/api/films/4/"
            ],
            "species": [
                "http://swapi.co/api/species/1/"
            ],
            "vehicles": [
                "http://swapi.co/api/vehicles/38/"
            ],
            "starships": [],
            "created": "2014-12-19T16:54:53.618000Z",
            "edited": "2014-12-20T21:17:50.375000Z",
            "url": "http://swapi.co/api/people/32/"
        },
        {
            "name": "Nute Gunray",
            "height": "191",
            "mass": "90",
            "hair_color": "none",
            "skin_color": "mottled green",
            "eye_color": "red",
            "birth_year": "unknown",
            "gender": "male",
            "homeworld": "http://swapi.co/api/planets/18/",
            "films": [
                "http://swapi.co/api/films/5/",
                "http://swapi.co/api/films/4/",
                "http://swapi.co/api/films/6/"
            ],
            "species": [
                "http://swapi.co/api/species/11/"
            ],
            "vehicles": [],
            "starships": [],
            "created": "2014-12-19T17:05:57.357000Z",
            "edited": "2014-12-20T21:17:50.377000Z",
            "url": "http://swapi.co/api/people/33/"
        },
        {
            "name": "Finis Valorum",
            "height": "170",
            "mass": "unknown",
            "hair_color": "blond",
            "skin_color": "fair",
            "eye_color": "blue",
            "birth_year": "91BBY",
            "gender": "male",
            "homeworld": "http://swapi.co/api/planets/9/",
            "films": [
                "http://swapi.co/api/films/4/"
            ],
            "species": [
                "http://swapi.co/api/species/1/"
            ],
            "vehicles": [],
            "starships": [],
            "created": "2014-12-19T17:21:45.915000Z",
            "edited": "2014-12-20T21:17:50.379000Z",
            "url": "http://swapi.co/api/people/34/"
        },
        {
            "name": "Jar Jar Binks",
            "height": "196",
            "mass": "66",
            "hair_color": "none",
            "skin_color": "orange",
            "eye_color": "orange",
            "birth_year": "52BBY",
            "gender": "male",
            "homeworld": "http://swapi.co/api/planets/8/",
            "films": [
                "http://swapi.co/api/films/5/",
                "http://swapi.co/api/films/4/"
            ],
            "species": [
                "http://swapi.co/api/species/12/"
            ],
            "vehicles": [],
            "starships": [],
            "created": "2014-12-19T17:29:32.489000Z",
            "edited": "2014-12-20T21:17:50.383000Z",
            "url": "http://swapi.co/api/people/36/"
        },
        {
            "name": "Roos Tarpals",
            "height": "224",
            "mass": "82",
            "hair_color": "none",
            "skin_color": "grey",
            "eye_color": "orange",
            "birth_year": "unknown",
            "gender": "male",
            "homeworld": "http://swapi.co/api/planets/8/",
            "films": [
                "http://swapi.co/api/films/4/"
            ],
            "species": [
                "http://swapi.co/api/species/12/"
            ],
            "vehicles": [],
            "starships": [],
            "created": "2014-12-19T17:32:56.741000Z",
            "edited": "2014-12-20T21:17:50.385000Z",
            "url": "http://swapi.co/api/people/37/"
        },
        {
            "name": "Rugor Nass",
            "height": "206",
            "mass": "unknown",
            "hair_color": "none",
            "skin_color": "green",
            "eye_color": "orange",
            "birth_year": "unknown",
            "gender": "male",
            "homeworld": "http://swapi.co/api/planets/8/",
            "films": [
                "http://swapi.co/api/films/4/"
            ],
            "species": [
                "http://swapi.co/api/species/12/"
            ],
            "vehicles": [],
            "starships": [],
            "created": "2014-12-19T17:33:38.909000Z",
            "edited": "2014-12-20T21:17:50.388000Z",
            "url": "http://swapi.co/api/people/38/"
        },
        {
            "name": "Ric Olié",
            "height": "183",
            "mass": "unknown",
            "hair_color": "brown",
            "skin_color": "fair",
            "eye_color": "blue",
            "birth_year": "unknown",
            "gender": "male",
            "homeworld": "http://swapi.co/api/planets/8/",
            "films": [
                "http://swapi.co/api/films/4/"
            ],
            "species": [],
            "vehicles": [],
            "starships": [
                "http://swapi.co/api/starships/40/"
            ],
            "created": "2014-12-19T17:45:01.522000Z",
            "edited": "2014-12-20T21:17:50.392000Z",
            "url": "http://swapi.co/api/people/39/"
        },
        {
            "name": "Watto",
            "height": "137",
            "mass": "unknown",
            "hair_color": "black",
            "skin_color": "blue, grey",
            "eye_color": "yellow",
            "birth_year": "unknown",
            "gender": "male",
            "homeworld": "http://swapi.co/api/planets/34/",
            "films": [
                "http://swapi.co/api/films/5/",
                "http://swapi.co/api/films/4/"
            ],
            "species": [
                "http://swapi.co/api/species/13/"
            ],
            "vehicles": [],
            "starships": [],
            "created": "2014-12-19T17:48:54.647000Z",
            "edited": "2014-12-20T21:17:50.395000Z",
            "url": "http://swapi.co/api/people/40/"
        },
        {
            "name": "Sebulba",
            "height": "112",
            "mass": "40",
            "hair_color": "none",
            "skin_color": "grey, red",
            "eye_color": "orange",
            "birth_year": "unknown",
            "gender": "male",
            "homeworld": "http://swapi.co/api/planets/35/",
            "films": [
                "http://swapi.co/api/films/4/"
            ],
            "species": [
                "http://swapi.co/api/species/14/"
            ],
            "vehicles": [],
            "starships": [],
            "created": "2014-12-19T17:53:02.586000Z",
            "edited": "2014-12-20T21:17:50.397000Z",
            "url": "http://swapi.co/api/people/41/"
        },
        {
            "name": "Quarsh Panaka",
            "height": "183",
            "mass": "unknown",
            "hair_color": "black",
            "skin_color": "dark",
            "eye_color": "brown",
            "birth_year": "62BBY",
            "gender": "male",
            "homeworld": "http://swapi.co/api/planets/8/",
            "films": [
                "http://swapi.co/api/films/4/"
            ],
            "species": [],
            "vehicles": [],
            "starships": [],
            "created": "2014-12-19T17:55:43.348000Z",
            "edited": "2014-12-20T21:17:50.399000Z",
            "url": "http://swapi.co/api/people/42/"
        }
    ]
}
