{
    "count": 39,
    "next": null,
    "previous": "http://swapi.co/api/vehicles/?page=3",
    "results": [
        {
            "name": "Clone turbo tank",
            "model": "HAVw A6 Juggernaut",
            "manufacturer": "Kuat Drive Yards",
            "cost_in_credits": "350000",
            "length": "49.4",
            "max_atmosphering_speed": "160",
            "crew": "20",
            "passengers": "300",
            "cargo_capacity": "30000",
            "consumables": "20 days",
            "vehicle_class": "wheeled walker",
            "pilots": [],
            "films": [
                "http://swapi.co/api/films/6/"
            ],
            "created": "2014-12-20T20:24:45.587000Z",
            "edited": "2014-12-22T18:21:16.571079Z",
            "url": "http://swapi.co/api/vehicles/71/"
        },
        {
            "name": "Corporate Alliance tank droid",
            "model": "NR-N99 Persuader-class droid enforcer",
            "manufacturer": "Techno Union",
            "cost_in_credits": "49000",
            "length": "10.96",
            "max_atmosphering_speed": "100",
            "crew": "0",
            "passengers": "4",
            "cargo_capacity": "none",
            "consumables": "none",
            "vehicle_class": "droid tank",
            "pilots": [],
            "films": [
                "http://swapi.co/api/films/6/"
            ],
            "created": "2014-12-20T20:26:55.522000Z",
            "edited": "2014-12-22T18:21:16.612902Z",
            "url": "http://swapi.co/api/vehicles/72/"
        },
        {
            "name": "Droid gunship",
            "model": "HMP droid gunship",
            "manufacturer": "Baktoid Fleet Ordnance, Haor Chall Engineering",
            "cost_in_credits": "60000",
            "length": "12.3",
            "max_atmosphering_speed": "820",
            "crew": "0",
            "passengers": "0",
            "cargo_capacity": "0",
            "consumables": "none",
            "vehicle_class": "airspeeder",
            "pilots": [],
            "films": [
                "http://swapi.co/api/films/6/"
            ],
            "created": "2014-12-20T20:32:05.687000Z",
            "edited": "2014-12-22T18:21:16.643329Z",
            "url": "http://swapi.co/api/vehicles/73/"
        },
        {
            "name": "AT-RT",
            "model": "All Terrain Recon Transport",
            "manufacturer": "Kuat Drive Yards",
            "cost_in_credits": "40000",
            "length": "3.2",
            "max_atmosphering_speed": "90",
            "crew": "1",
            "passengers": "0",
            "cargo_capacity": "20",
            "consumables": "1 day",
            "vehicle_class": "walker",
            "pilots": [],
            "films": [
                "http://swapi.co/api/films/6/"
            ],
            "created": "2014-12-20T20:47:49.189000Z",
            "edited": "2014-12-22T18:21:16.672821Z",
            "url": "http://swapi.co/api/vehicles/76/"
        },
        {
            "name": "AT-TE",
            "model": "All Terrain Tactical Enforcer",
            "manufacturer": "Rothana Heavy Engineering, Kuat Drive Yards",
            "cost_in_credits": "unknown",
            "length": "13.2",
            "max_atmosphering_speed": "60",
            "crew": "6",
            "passengers": "36",
            "cargo_capacity": "10000",
            "consumables": "21 days",
            "vehicle_class": "walker",
            "pilots": [],
            "films": [
                "http://swapi.co/api/films/5/",
                "http://swapi.co/api/films/6/"
            ],
            "created": "2014-12-20T18:10:07.560000Z",
            "edited": "2014-12-22T18:21:16.293771Z",
            "url": "http://swapi.co/api/vehicles/53/"
        },
        {
            "name": "SPHA",
            "model": "Self-Propelled Heavy Artillery",
            "manufacturer": "Rothana Heavy Engineering",
            "cost_in_credits": "unknown",
            "length": "140",
            "max_atmosphering_speed": "35",
            "crew": "25",
            "passengers": "30",
            "cargo_capacity": "500",
            "consumables": "7 days",
            "vehicle_class": "walker",
            "pilots": [],
            "films": [
                "http://swapi.co/api/films/5/"
            ],
            "created": "2014-12-20T18:12:32.315000Z",
            "edited": "2014-12-22T18:21:16.311761Z",
            "url": "http://swapi.co/api/vehicles/54/"
        },
        {
            "name": "Flitknot speeder",
            "model": "Flitknot speeder",
            "manufacturer": "Huppla Pasa Tisc Shipwrights Collective",
            "cost_in_credits": "8000",
            "length": "2",
            "max_atmosphering_speed": "634",
            "crew": "1",
            "passengers": "0",
            "cargo_capacity": "unknown",
            "consumables": "unknown",
            "vehicle_class": "speeder",
            "pilots": [
                "http://swapi.co/api/people/67/"
            ],
            "films": [
                "http://swapi.co/api/films/5/"
            ],
            "created": "2014-12-20T18:15:20.312000Z",
            "edited": "2014-12-22T18:21:16.335005Z",
            "url": "http://swapi.co/api/vehicles/55/"
        },
        {
            "name": "Neimoidian shuttle",
            "model": "Sheathipede-class transport shuttle",
            "manufacturer": "Haor Chall Engineering",
            "cost_in_credits": "unknown",
            "length": "20",
            "max_atmosphering_speed": "880",
            "crew": "2",
            "passengers": "6",
            "cargo_capacity": "1000",
            "consumables": "7 days",
            "vehicle_class": "transport",
            "pilots": [],
            "films": [
                "http://swapi.co/api/films/5/",
                "http://swapi.co/api/films/6/"
            ],
            "created": "2014-12-20T18:25:44.912000Z",
            "edited": "2014-12-22T18:21:16.366134Z",
            "url": "http://swapi.co/api/vehicles/56/"
        },
        {
            "name": "Geonosian starfighter",
            "model": "Nantex-class territorial defense",
            "manufacturer": "Huppla Pasa Tisc Shipwrights Collective",
            "cost_in_credits": "unknown",
            "length": "9.8",
            "max_atmosphering_speed": "20000",
            "crew": "1",
            "passengers": "0",
            "cargo_capacity": "unknown",
            "consumables": "unknown",
            "vehicle_class": "starfighter",
            "pilots": [],
            "films": [
                "http://swapi.co/api/films/5/"
            ],
            "created": "2014-12-20T18:34:12.541000Z",
            "edited": "2014-12-22T18:21:16.390980Z",
            "url": "http://swapi.co/api/vehicles/57/"
        }
    ]
}
