{
    "count": 39,
    "next": "http://swapi.co/api/vehicles/?page=3",
    "previous": "http://swapi.co/api/vehicles/?page=1",
    "results": [
        {
            "name": "Bantha-II cargo skiff",
            "model": "Bantha-II",
            "manufacturer": "Ubrikkian Industries",
            "cost_in_credits": "8000",
            "length": "9.5",
            "max_atmosphering_speed": "250",
            "crew": "5",
            "passengers": "16",
            "cargo_capacity": "135000",
            "consumables": "1 day",
            "vehicle_class": "repulsorcraft cargo skiff",
            "pilots": [],
            "films": [
                "http://swapi.co/api/films/3/"
            ],
            "created": "2014-12-18T10:48:03.208000Z",
            "edited": "2014-12-22T18:21:15.845988Z",
            "url": "http://swapi.co/api/vehicles/25/"
        },
        {
            "name": "TIE/IN interceptor",
            "model": "Twin Ion Engine Interceptor",
            "manufacturer": "Sienar Fleet Systems",
            "cost_in_credits": "unknown",
            "length": "9.6",
            "max_atmosphering_speed": "1250",
            "crew": "1",
            "passengers": "0",
            "cargo_capacity": "75",
            "consumables": "2 days",
            "vehicle_class": "starfighter",
            "pilots": [],
            "films": [
                "http://swapi.co/api/films/3/"
            ],
            "created": "2014-12-18T10:50:28.225000Z",
            "edited": "2014-12-22T18:21:15.882388Z",
            "url": "http://swapi.co/api/vehicles/26/"
        },
        {
            "name": "Imperial Speeder Bike",
            "model": "74-Z speeder bike",
            "manufacturer": "Aratech Repulsor Company",
            "cost_in_credits": "8000",
            "length": "3",
            "max_atmosphering_speed": "360",
            "crew": "1",
            "passengers": "1",
            "cargo_capacity": "4",
            "consumables": "1 day",
            "vehicle_class": "speeder",
            "pilots": [
                "http://swapi.co/api/people/1/",
                "http://swapi.co/api/people/5/"
            ],
            "films": [
                "http://swapi.co/api/films/3/"
            ],
            "created": "2014-12-18T11:20:04.625000Z",
            "edited": "2014-12-22T18:21:15.920537Z",
            "url": "http://swapi.co/api/vehicles/30/"
        },
        {
            "name": "Vulture Droid",
            "model": "Vulture-class droid starfighter",
            "manufacturer": "Haor Chall Engineering, Baktoid Armor Workshop",
            "cost_in_credits": "unknown",
            "length": "3.5",
            "max_atmosphering_speed": "1200",
            "crew": "0",
            "passengers": "0",
            "cargo_capacity": "0",
            "consumables": "none",
            "vehicle_class": "starfighter",
            "pilots": [],
            "films": [
                "http://swapi.co/api/films/4/",
                "http://swapi.co/api/films/6/"
            ],
            "created": "2014-12-19T17:09:53.584000Z",
            "edited": "2014-12-22T18:21:15.953870Z",
            "url": "http://swapi.co/api/vehicles/33/"
        },
        {
            "name": "Multi-Troop Transport",
            "model": "Multi-Troop Transport",
            "manufacturer": "Baktoid Armor Workshop",
            "cost_in_credits": "138000",
            "length": "31",
            "max_atmosphering_speed": "35",
            "crew": "4",
            "passengers": "112",
            "cargo_capacity": "12000",
            "consumables": "unknown",
            "vehicle_class": "repulsorcraft",
            "pilots": [],
            "films": [
                "http://swapi.co/api/films/4/"
            ],
            "created": "2014-12-19T17:12:04.400000Z",
            "edited": "2014-12-22T18:21:15.975171Z",
            "url": "http://swapi.co/api/vehicles/34/"
        },
        {
            "name": "Armored Assault Tank",
            "model": "Armoured Assault Tank",
            "manufacturer": "Baktoid Armor Workshop",
            "cost_in_credits": "unknown",
            "length": "9.75",
            "max_atmosphering_speed": "55",
            "crew": "4",
            "passengers": "6",
            "cargo_capacity": "unknown",
            "consumables": "unknown",
            "vehicle_class": "repulsorcraft",
            "pilots": [],
            "films": [
                "http://swapi.co/api/films/4/"
            ],
            "created": "2014-12-19T17:13:29.799000Z",
            "edited": "2014-12-22T18:21:15.984817Z",
            "url": "http://swapi.co/api/vehicles/35/"
        },
        {
            "name": "Single Trooper Aerial Platform",
            "model": "Single Trooper Aerial Platform",
            "manufacturer": "Baktoid Armor Workshop",
            "cost_in_credits": "2500",
            "length": "2",
            "max_atmosphering_speed": "400",
            "crew": "1",
            "passengers": "0",
            "cargo_capacity": "none",
            "consumables": "none",
            "vehicle_class": "repulsorcraft",
            "pilots": [],
            "films": [
                "http://swapi.co/api/films/4/"
            ],
            "created": "2014-12-19T17:15:09.511000Z",
            "edited": "2014-12-22T18:21:16.008594Z",
            "url": "http://swapi.co/api/vehicles/36/"
        },
        {
            "name": "C-9979 landing craft",
            "model": "C-9979 landing craft",
            "manufacturer": "Haor Chall Engineering",
            "cost_in_credits": "200000",
            "length": "210",
            "max_atmosphering_speed": "587",
            "crew": "140",
            "passengers": "284",
            "cargo_capacity": "1800000",
            "consumables": "1 day",
            "vehicle_class": "landing craft",
            "pilots": [],
            "films": [
                "http://swapi.co/api/films/4/"
            ],
            "created": "2014-12-19T17:20:36.373000Z",
            "edited": "2014-12-22T18:21:16.033738Z",
            "url": "http://swapi.co/api/vehicles/37/"
        },
        {
            "name": "Tribubble bongo",
            "model": "Tribubble bongo",
            "manufacturer": "Otoh Gunga Bongameken Cooperative",
            "cost_in_credits": "unknown",
            "length": "15",
            "max_atmosphering_speed": "85",
            "crew": "1",
            "passengers": "2",
            "cargo_capacity": "1600",
            "consumables": "unknown",
            "vehicle_class": "submarine",
            "pilots": [
                "http://swapi.co/api/people/10/",
                "http://swapi.co/api/people/32/"
            ],
            "films": [
                "http://swapi.co/api/films/4/"
            ],
            "created": "2014-12-19T17:37:37.924000Z",
            "edited": "2014-12-22T18:21:16.072083Z",
            "url": "http://swapi.co/api/vehicles/38/"
        },
        {
            "name": "Sith speeder",
            "model": "FC-20 speeder bike",
            "manufacturer": "Razalon",
            "cost_in_credits": "4000",
            "length": "1.5",
            "max_atmosphering_speed": "180",
            "crew": "1",
            "passengers": "0",
            "cargo_capacity": "2",
            "consumables": "unknown",
            "vehicle_class": "speeder",
            "pilots": [
                "http://swapi.co/api/people/44/"
            ],
            "films": [
                "http://swapi.co/api/films/4/"
            ],
            "created": "2014-12-20T10:09:56.095000Z",
            "edited": "2014-12-22T18:21:16.095041Z",
            "url": "http://swapi.co/api/vehicles/42/"
        }
    ]
}
